"notification_id","rent_charge_id","notification_type","channel","sent_at","status","error_message"
1,1,"INVOICE_SENT","EMAIL","2024-12-16 10:00:00","SUCCESS",NULL
2,2,"INVOICE_SENT","EMAIL","2024-12-17 10:00:00","SUCCESS",NULL
3,3,"INVOICE_SENT","EMAIL","2024-12-18 10:00:00","SUCCESS",NULL
4,4,"INVOICE_SENT","EMAIL","2024-12-19 10:00:00","SUCCESS",NULL
5,5,"INVOICE_SENT","EMAIL","2024-12-20 10:00:00","SUCCESS",NULL
6,6,"INVOICE_SENT","EMAIL","2024-12-21 10:00:00","SUCCESS",NULL
7,7,"INVOICE_SENT","EMAIL","2024-12-22 10:00:00","SUCCESS",NULL
8,8,"INVOICE_SENT","EMAIL","2024-12-23 10:00:00","SUCCESS",NULL
9,9,"INVOICE_SENT","EMAIL","2024-12-24 10:00:00","SUCCESS",NULL
10,10,"INVOICE_SENT","EMAIL","2024-12-25 10:00:00","SUCCESS",NULL
11,11,"INVOICE_SENT","EMAIL","2024-12-26 10:00:00","SUCCESS",NULL
12,12,"INVOICE_SENT","EMAIL","2024-12-27 10:00:00","SUCCESS",NULL
13,13,"INVOICE_SENT","EMAIL","2024-12-28 10:00:00","SUCCESS",NULL
14,14,"INVOICE_SENT","EMAIL","2024-12-29 10:00:00","SUCCESS",NULL
15,15,"INVOICE_SENT","EMAIL","2024-12-30 10:00:00","SUCCESS",NULL
16,16,"INVOICE_SENT","EMAIL","2024-12-31 10:00:00","SUCCESS",NULL
17,17,"INVOICE_SENT","EMAIL","2025-01-01 10:00:00","SUCCESS",NULL
18,18,"INVOICE_SENT","EMAIL","2025-01-02 10:00:00","SUCCESS",NULL
19,19,"INVOICE_SENT","EMAIL","2025-01-03 10:00:00","SUCCESS",NULL
20,20,"INVOICE_SENT","EMAIL","2025-01-04 10:00:00","SUCCESS",NULL
21,21,"INVOICE_SENT","EMAIL","2025-01-05 10:00:00","SUCCESS",NULL
22,22,"INVOICE_SENT","EMAIL","2025-01-06 10:00:00","SUCCESS",NULL
23,23,"INVOICE_SENT","EMAIL","2025-01-07 10:00:00","SUCCESS",NULL
24,24,"INVOICE_SENT","EMAIL","2025-01-08 10:00:00","SUCCESS",NULL
25,25,"INVOICE_SENT","EMAIL","2025-01-09 10:00:00","SUCCESS",NULL
26,26,"INVOICE_SENT","EMAIL","2025-01-10 10:00:00","SUCCESS",NULL
27,27,"INVOICE_SENT","EMAIL","2025-01-11 10:00:00","SUCCESS",NULL
28,28,"INVOICE_SENT","EMAIL","2025-01-12 10:00:00","SUCCESS",NULL
29,29,"INVOICE_SENT","EMAIL","2025-01-13 10:00:00","SUCCESS",NULL
30,30,"INVOICE_SENT","EMAIL","2025-01-14 10:00:00","SUCCESS",NULL
31,31,"INVOICE_SENT","EMAIL","2025-01-15 10:00:00","SUCCESS",NULL
32,32,"INVOICE_SENT","EMAIL","2025-01-16 10:00:00","SUCCESS",NULL
33,33,"INVOICE_SENT","EMAIL","2025-01-17 10:00:00","SUCCESS",NULL
34,34,"INVOICE_SENT","EMAIL","2025-01-18 10:00:00","SUCCESS",NULL
35,35,"INVOICE_SENT","EMAIL","2025-01-19 10:00:00","SUCCESS",NULL
36,36,"INVOICE_SENT","EMAIL","2025-01-20 10:00:00","SUCCESS",NULL
37,37,"INVOICE_SENT","EMAIL","2025-01-21 10:00:00","SUCCESS",NULL
38,38,"INVOICE_SENT","EMAIL","2025-01-22 10:00:00","SUCCESS",NULL
39,39,"INVOICE_SENT","EMAIL","2025-01-23 10:00:00","SUCCESS",NULL
40,40,"INVOICE_SENT","EMAIL","2025-01-24 10:00:00","SUCCESS",NULL
41,41,"INVOICE_SENT","EMAIL","2025-01-25 10:00:00","SUCCESS",NULL
42,42,"INVOICE_SENT","EMAIL","2025-01-26 10:00:00","SUCCESS",NULL
43,43,"INVOICE_SENT","EMAIL","2025-01-27 10:00:00","SUCCESS",NULL
44,44,"INVOICE_SENT","EMAIL","2025-01-28 10:00:00","SUCCESS",NULL
45,45,"INVOICE_SENT","EMAIL","2025-01-29 10:00:00","SUCCESS",NULL
46,46,"INVOICE_SENT","EMAIL","2025-01-30 10:00:00","SUCCESS",NULL
47,47,"INVOICE_SENT","EMAIL","2025-01-31 10:00:00","SUCCESS",NULL
48,48,"INVOICE_SENT","EMAIL","2025-02-01 10:00:00","SUCCESS",NULL
49,49,"INVOICE_SENT","EMAIL","2025-02-02 10:00:00","SUCCESS",NULL
50,50,"INVOICE_SENT","EMAIL","2025-02-03 10:00:00","SUCCESS",NULL
51,51,"INVOICE_SENT","EMAIL","2025-02-04 10:00:00","SUCCESS",NULL
52,52,"INVOICE_SENT","EMAIL","2025-02-05 10:00:00","SUCCESS",NULL
53,53,"INVOICE_SENT","EMAIL","2025-02-06 10:00:00","SUCCESS",NULL
54,54,"INVOICE_SENT","EMAIL","2025-02-07 10:00:00","SUCCESS",NULL
55,55,"INVOICE_SENT","EMAIL","2025-02-08 10:00:00","SUCCESS",NULL
56,56,"INVOICE_SENT","EMAIL","2025-02-09 10:00:00","SUCCESS",NULL
57,57,"INVOICE_SENT","EMAIL","2025-02-10 10:00:00","SUCCESS",NULL
58,58,"INVOICE_SENT","EMAIL","2025-02-11 10:00:00","SUCCESS",NULL
59,59,"INVOICE_SENT","EMAIL","2025-02-12 10:00:00","SUCCESS",NULL
60,60,"INVOICE_SENT","EMAIL","2025-02-13 10:00:00","SUCCESS",NULL
61,61,"INVOICE_SENT","EMAIL","2025-02-14 10:00:00","SUCCESS",NULL
62,62,"INVOICE_SENT","EMAIL","2025-02-15 10:00:00","SUCCESS",NULL
63,63,"INVOICE_SENT","EMAIL","2025-02-16 10:00:00","SUCCESS",NULL
64,64,"INVOICE_SENT","EMAIL","2025-02-17 10:00:00","SUCCESS",NULL
65,65,"INVOICE_SENT","EMAIL","2025-02-18 10:00:00","SUCCESS",NULL
66,66,"INVOICE_SENT","EMAIL","2025-02-19 10:00:00","SUCCESS",NULL
67,67,"INVOICE_SENT","EMAIL","2025-02-20 10:00:00","SUCCESS",NULL
68,68,"INVOICE_SENT","EMAIL","2025-02-21 10:00:00","SUCCESS",NULL
69,69,"INVOICE_SENT","EMAIL","2025-02-22 10:00:00","SUCCESS",NULL
70,70,"INVOICE_SENT","EMAIL","2025-02-23 10:00:00","SUCCESS",NULL
71,71,"INVOICE_SENT","EMAIL","2025-02-24 10:00:00","SUCCESS",NULL
72,72,"INVOICE_SENT","EMAIL","2025-02-25 10:00:00","SUCCESS",NULL
73,73,"INVOICE_SENT","EMAIL","2025-02-26 10:00:00","SUCCESS",NULL
74,74,"INVOICE_SENT","EMAIL","2025-02-27 10:00:00","SUCCESS",NULL
75,75,"INVOICE_SENT","EMAIL","2025-02-28 10:00:00","SUCCESS",NULL
76,76,"INVOICE_SENT","EMAIL","2025-03-01 10:00:00","SUCCESS",NULL
77,77,"INVOICE_SENT","EMAIL","2025-03-02 10:00:00","SUCCESS",NULL
78,78,"INVOICE_SENT","EMAIL","2025-03-03 10:00:00","SUCCESS",NULL
79,79,"INVOICE_SENT","EMAIL","2025-03-04 10:00:00","SUCCESS",NULL
80,80,"INVOICE_SENT","EMAIL","2025-03-05 10:00:00","SUCCESS",NULL
81,81,"INVOICE_SENT","EMAIL","2025-03-06 10:00:00","SUCCESS",NULL
82,82,"INVOICE_SENT","EMAIL","2025-03-07 10:00:00","SUCCESS",NULL
83,83,"INVOICE_SENT","EMAIL","2025-03-08 10:00:00","SUCCESS",NULL
84,84,"INVOICE_SENT","EMAIL","2025-03-09 10:00:00","SUCCESS",NULL
85,85,"INVOICE_SENT","EMAIL","2025-03-10 10:00:00","SUCCESS",NULL
86,86,"INVOICE_SENT","EMAIL","2025-03-11 10:00:00","SUCCESS",NULL
87,87,"INVOICE_SENT","EMAIL","2025-03-12 10:00:00","SUCCESS",NULL
88,88,"INVOICE_SENT","EMAIL","2025-03-13 10:00:00","SUCCESS",NULL
89,89,"INVOICE_SENT","EMAIL","2025-03-14 10:00:00","SUCCESS",NULL
90,90,"INVOICE_SENT","EMAIL","2025-03-15 10:00:00","SUCCESS",NULL
91,91,"INVOICE_SENT","EMAIL","2025-03-16 10:00:00","SUCCESS",NULL
92,92,"INVOICE_SENT","EMAIL","2025-03-17 10:00:00","SUCCESS",NULL
93,93,"INVOICE_SENT","EMAIL","2025-03-18 10:00:00","SUCCESS",NULL
94,94,"INVOICE_SENT","EMAIL","2025-03-19 10:00:00","SUCCESS",NULL
95,95,"INVOICE_SENT","EMAIL","2025-03-20 10:00:00","SUCCESS",NULL
96,96,"INVOICE_SENT","EMAIL","2025-03-21 10:00:00","SUCCESS",NULL
97,97,"INVOICE_SENT","EMAIL","2025-03-22 10:00:00","SUCCESS",NULL
98,98,"INVOICE_SENT","EMAIL","2025-03-23 10:00:00","SUCCESS",NULL
99,99,"INVOICE_SENT","EMAIL","2025-03-24 10:00:00","SUCCESS",NULL
100,100,"INVOICE_SENT","EMAIL","2025-03-25 10:00:00","SUCCESS",NULL
101,101,"INVOICE_SENT","EMAIL","2025-03-26 10:00:00","SUCCESS",NULL
102,102,"INVOICE_SENT","EMAIL","2025-03-27 10:00:00","SUCCESS",NULL
103,103,"INVOICE_SENT","EMAIL","2025-03-28 10:00:00","SUCCESS",NULL
104,104,"INVOICE_SENT","EMAIL","2025-03-29 10:00:00","SUCCESS",NULL
105,105,"INVOICE_SENT","EMAIL","2025-03-30 10:00:00","SUCCESS",NULL
106,106,"INVOICE_SENT","EMAIL","2025-03-31 10:00:00","SUCCESS",NULL
107,107,"INVOICE_SENT","EMAIL","2025-04-01 10:00:00","SUCCESS",NULL
108,108,"INVOICE_SENT","EMAIL","2025-04-02 10:00:00","SUCCESS",NULL
109,109,"INVOICE_SENT","EMAIL","2025-04-03 10:00:00","SUCCESS",NULL
110,110,"INVOICE_SENT","EMAIL","2025-04-04 10:00:00","SUCCESS",NULL
111,111,"INVOICE_SENT","EMAIL","2025-04-05 10:00:00","SUCCESS",NULL
112,112,"INVOICE_SENT","EMAIL","2025-04-06 10:00:00","SUCCESS",NULL
113,113,"INVOICE_SENT","EMAIL","2025-04-07 10:00:00","SUCCESS",NULL
114,114,"INVOICE_SENT","EMAIL","2025-04-08 10:00:00","SUCCESS",NULL
115,115,"INVOICE_SENT","EMAIL","2025-04-09 10:00:00","SUCCESS",NULL
116,116,"INVOICE_SENT","EMAIL","2025-04-10 10:00:00","SUCCESS",NULL
117,117,"INVOICE_SENT","EMAIL","2025-04-11 10:00:00","SUCCESS",NULL
118,118,"INVOICE_SENT","EMAIL","2025-04-12 10:00:00","SUCCESS",NULL
119,119,"INVOICE_SENT","EMAIL","2025-04-13 10:00:00","SUCCESS",NULL
120,120,"INVOICE_SENT","EMAIL","2025-04-14 10:00:00","SUCCESS",NULL
121,121,"INVOICE_SENT","EMAIL","2025-04-15 10:00:00","SUCCESS",NULL
122,122,"INVOICE_SENT","EMAIL","2025-04-16 10:00:00","SUCCESS",NULL
123,123,"INVOICE_SENT","EMAIL","2025-04-17 10:00:00","SUCCESS",NULL
124,124,"INVOICE_SENT","EMAIL","2025-04-18 10:00:00","SUCCESS",NULL
125,125,"INVOICE_SENT","EMAIL","2025-04-19 10:00:00","SUCCESS",NULL
126,126,"INVOICE_SENT","EMAIL","2025-04-20 10:00:00","SUCCESS",NULL
127,127,"INVOICE_SENT","EMAIL","2025-04-21 10:00:00","SUCCESS",NULL
128,128,"INVOICE_SENT","EMAIL","2025-04-22 10:00:00","SUCCESS",NULL
129,129,"INVOICE_SENT","EMAIL","2025-04-23 10:00:00","SUCCESS",NULL
130,130,"INVOICE_SENT","EMAIL","2025-04-24 10:00:00","SUCCESS",NULL
131,131,"INVOICE_SENT","EMAIL","2025-04-25 10:00:00","SUCCESS",NULL
132,132,"INVOICE_SENT","EMAIL","2025-04-26 10:00:00","SUCCESS",NULL
133,133,"INVOICE_SENT","EMAIL","2025-04-27 10:00:00","SUCCESS",NULL
134,134,"INVOICE_SENT","EMAIL","2025-04-28 10:00:00","SUCCESS",NULL
135,135,"INVOICE_SENT","EMAIL","2025-04-29 10:00:00","SUCCESS",NULL
136,136,"INVOICE_SENT","EMAIL","2025-04-30 10:00:00","SUCCESS",NULL
137,137,"INVOICE_SENT","EMAIL","2025-05-01 10:00:00","SUCCESS",NULL
138,138,"INVOICE_SENT","EMAIL","2025-05-02 10:00:00","SUCCESS",NULL
139,139,"INVOICE_SENT","EMAIL","2025-05-03 10:00:00","SUCCESS",NULL
140,140,"INVOICE_SENT","EMAIL","2025-05-04 10:00:00","SUCCESS",NULL
141,141,"INVOICE_SENT","EMAIL","2025-05-05 10:00:00","SUCCESS",NULL
142,142,"INVOICE_SENT","EMAIL","2025-05-06 10:00:00","SUCCESS",NULL
143,143,"INVOICE_SENT","EMAIL","2025-05-07 10:00:00","SUCCESS",NULL
144,144,"INVOICE_SENT","EMAIL","2025-05-08 10:00:00","SUCCESS",NULL
145,145,"INVOICE_SENT","EMAIL","2025-05-09 10:00:00","SUCCESS",NULL
146,146,"INVOICE_SENT","EMAIL","2025-05-10 10:00:00","SUCCESS",NULL
147,147,"INVOICE_SENT","EMAIL","2025-05-11 10:00:00","SUCCESS",NULL
148,148,"INVOICE_SENT","EMAIL","2025-05-12 10:00:00","SUCCESS",NULL
149,149,"INVOICE_SENT","EMAIL","2025-05-13 10:00:00","SUCCESS",NULL
150,150,"INVOICE_SENT","EMAIL","2025-05-14 10:00:00","SUCCESS",NULL
151,151,"INVOICE_SENT","EMAIL","2025-05-15 10:00:00","SUCCESS",NULL
152,152,"INVOICE_SENT","EMAIL","2025-05-16 10:00:00","SUCCESS",NULL
153,153,"INVOICE_SENT","EMAIL","2025-05-17 10:00:00","SUCCESS",NULL
154,154,"INVOICE_SENT","EMAIL","2025-05-18 10:00:00","SUCCESS",NULL
155,155,"INVOICE_SENT","EMAIL","2025-05-19 10:00:00","SUCCESS",NULL
156,156,"INVOICE_SENT","EMAIL","2025-05-20 10:00:00","SUCCESS",NULL
157,157,"INVOICE_SENT","EMAIL","2025-05-21 10:00:00","SUCCESS",NULL
158,158,"INVOICE_SENT","EMAIL","2025-05-22 10:00:00","SUCCESS",NULL
159,159,"INVOICE_SENT","EMAIL","2025-05-23 10:00:00","SUCCESS",NULL
160,160,"INVOICE_SENT","EMAIL","2025-05-24 10:00:00","SUCCESS",NULL
161,161,"INVOICE_SENT","EMAIL","2024-12-16 10:00:00","SUCCESS",NULL
162,162,"INVOICE_SENT","EMAIL","2024-12-17 10:00:00","SUCCESS",NULL
163,163,"INVOICE_SENT","EMAIL","2024-12-18 10:00:00","SUCCESS",NULL
164,164,"INVOICE_SENT","EMAIL","2024-12-19 10:00:00","SUCCESS",NULL
165,165,"INVOICE_SENT","EMAIL","2024-12-20 10:00:00","SUCCESS",NULL
166,166,"INVOICE_SENT","EMAIL","2024-12-21 10:00:00","SUCCESS",NULL
167,167,"INVOICE_SENT","EMAIL","2024-12-22 10:00:00","SUCCESS",NULL
168,168,"INVOICE_SENT","EMAIL","2024-12-23 10:00:00","SUCCESS",NULL
169,169,"INVOICE_SENT","EMAIL","2024-12-24 10:00:00","SUCCESS",NULL
170,170,"INVOICE_SENT","EMAIL","2024-12-25 10:00:00","SUCCESS",NULL
171,171,"INVOICE_SENT","EMAIL","2024-12-26 10:00:00","SUCCESS",NULL
172,172,"INVOICE_SENT","EMAIL","2024-12-27 10:00:00","SUCCESS",NULL
173,173,"INVOICE_SENT","EMAIL","2024-12-28 10:00:00","SUCCESS",NULL
174,174,"INVOICE_SENT","EMAIL","2024-12-29 10:00:00","SUCCESS",NULL
175,175,"INVOICE_SENT","EMAIL","2024-12-30 10:00:00","SUCCESS",NULL
176,176,"INVOICE_SENT","EMAIL","2024-12-31 10:00:00","SUCCESS",NULL
177,177,"INVOICE_SENT","EMAIL","2025-01-01 10:00:00","SUCCESS",NULL
178,178,"INVOICE_SENT","EMAIL","2025-01-02 10:00:00","SUCCESS",NULL
179,179,"INVOICE_SENT","EMAIL","2025-01-03 10:00:00","SUCCESS",NULL
180,180,"INVOICE_SENT","EMAIL","2025-01-04 10:00:00","SUCCESS",NULL
181,181,"INVOICE_SENT","EMAIL","2025-01-05 10:00:00","SUCCESS",NULL
182,182,"INVOICE_SENT","EMAIL","2025-01-06 10:00:00","SUCCESS",NULL
183,183,"INVOICE_SENT","EMAIL","2025-01-07 10:00:00","SUCCESS",NULL
184,184,"INVOICE_SENT","EMAIL","2025-01-08 10:00:00","SUCCESS",NULL
185,185,"INVOICE_SENT","EMAIL","2025-01-09 10:00:00","SUCCESS",NULL
186,186,"INVOICE_SENT","EMAIL","2025-01-10 10:00:00","SUCCESS",NULL
187,187,"INVOICE_SENT","EMAIL","2025-01-11 10:00:00","SUCCESS",NULL
188,188,"INVOICE_SENT","EMAIL","2025-01-12 10:00:00","SUCCESS",NULL
189,189,"INVOICE_SENT","EMAIL","2025-01-13 10:00:00","SUCCESS",NULL
190,190,"INVOICE_SENT","EMAIL","2025-01-14 10:00:00","SUCCESS",NULL
191,191,"INVOICE_SENT","EMAIL","2025-01-15 10:00:00","SUCCESS",NULL
192,192,"INVOICE_SENT","EMAIL","2025-01-16 10:00:00","SUCCESS",NULL
193,193,"INVOICE_SENT","EMAIL","2025-01-17 10:00:00","SUCCESS",NULL
194,194,"INVOICE_SENT","EMAIL","2025-01-18 10:00:00","SUCCESS",NULL
195,195,"INVOICE_SENT","EMAIL","2025-01-19 10:00:00","SUCCESS",NULL
196,196,"INVOICE_SENT","EMAIL","2025-01-20 10:00:00","SUCCESS",NULL
197,197,"INVOICE_SENT","EMAIL","2025-01-21 10:00:00","SUCCESS",NULL
198,198,"INVOICE_SENT","EMAIL","2025-01-22 10:00:00","SUCCESS",NULL
199,199,"INVOICE_SENT","EMAIL","2025-01-23 10:00:00","SUCCESS",NULL
200,200,"INVOICE_SENT","EMAIL","2025-01-24 10:00:00","SUCCESS",NULL
201,201,"INVOICE_SENT","EMAIL","2025-01-25 10:00:00","SUCCESS",NULL
202,202,"INVOICE_SENT","EMAIL","2025-01-26 10:00:00","SUCCESS",NULL
203,203,"INVOICE_SENT","EMAIL","2025-01-27 10:00:00","SUCCESS",NULL
204,204,"INVOICE_SENT","EMAIL","2025-01-28 10:00:00","SUCCESS",NULL
205,205,"INVOICE_SENT","EMAIL","2025-01-29 10:00:00","SUCCESS",NULL
206,206,"INVOICE_SENT","EMAIL","2025-01-30 10:00:00","SUCCESS",NULL
207,207,"INVOICE_SENT","EMAIL","2025-01-31 10:00:00","SUCCESS",NULL
208,208,"INVOICE_SENT","EMAIL","2025-02-01 10:00:00","SUCCESS",NULL
209,209,"INVOICE_SENT","EMAIL","2025-02-02 10:00:00","SUCCESS",NULL
210,210,"INVOICE_SENT","EMAIL","2025-02-03 10:00:00","SUCCESS",NULL
211,211,"INVOICE_SENT","EMAIL","2025-02-04 10:00:00","SUCCESS",NULL
212,212,"INVOICE_SENT","EMAIL","2025-02-05 10:00:00","SUCCESS",NULL
213,213,"INVOICE_SENT","EMAIL","2025-02-06 10:00:00","SUCCESS",NULL
214,214,"INVOICE_SENT","EMAIL","2025-02-07 10:00:00","SUCCESS",NULL
215,215,"INVOICE_SENT","EMAIL","2025-02-08 10:00:00","SUCCESS",NULL
216,216,"INVOICE_SENT","EMAIL","2025-02-09 10:00:00","SUCCESS",NULL
217,217,"INVOICE_SENT","EMAIL","2025-02-10 10:00:00","SUCCESS",NULL
218,218,"INVOICE_SENT","EMAIL","2025-02-11 10:00:00","SUCCESS",NULL
219,219,"INVOICE_SENT","EMAIL","2025-02-12 10:00:00","SUCCESS",NULL
220,220,"INVOICE_SENT","EMAIL","2025-02-13 10:00:00","SUCCESS",NULL
221,221,"INVOICE_SENT","EMAIL","2025-02-14 10:00:00","SUCCESS",NULL
222,222,"INVOICE_SENT","EMAIL","2025-02-15 10:00:00","SUCCESS",NULL
223,223,"INVOICE_SENT","EMAIL","2025-02-16 10:00:00","SUCCESS",NULL
224,224,"INVOICE_SENT","EMAIL","2025-02-17 10:00:00","SUCCESS",NULL
225,225,"INVOICE_SENT","EMAIL","2025-02-18 10:00:00","SUCCESS",NULL
226,226,"INVOICE_SENT","EMAIL","2025-02-19 10:00:00","SUCCESS",NULL
227,227,"INVOICE_SENT","EMAIL","2025-02-20 10:00:00","SUCCESS",NULL
228,228,"INVOICE_SENT","EMAIL","2025-02-21 10:00:00","SUCCESS",NULL
229,229,"INVOICE_SENT","EMAIL","2025-02-22 10:00:00","SUCCESS",NULL
230,230,"INVOICE_SENT","EMAIL","2025-02-23 10:00:00","SUCCESS",NULL
231,231,"INVOICE_SENT","EMAIL","2025-02-24 10:00:00","SUCCESS",NULL
232,232,"INVOICE_SENT","EMAIL","2025-02-25 10:00:00","SUCCESS",NULL
233,233,"INVOICE_SENT","EMAIL","2025-02-26 10:00:00","SUCCESS",NULL
234,234,"INVOICE_SENT","EMAIL","2025-02-27 10:00:00","SUCCESS",NULL
235,235,"INVOICE_SENT","EMAIL","2025-02-28 10:00:00","SUCCESS",NULL
236,236,"INVOICE_SENT","EMAIL","2025-03-01 10:00:00","SUCCESS",NULL
237,237,"INVOICE_SENT","EMAIL","2025-03-02 10:00:00","SUCCESS",NULL
238,238,"INVOICE_SENT","EMAIL","2025-03-03 10:00:00","SUCCESS",NULL
239,239,"INVOICE_SENT","EMAIL","2025-03-04 10:00:00","SUCCESS",NULL
240,240,"INVOICE_SENT","EMAIL","2025-03-05 10:00:00","SUCCESS",NULL
241,241,"INVOICE_SENT","EMAIL","2025-03-06 10:00:00","SUCCESS",NULL
242,242,"INVOICE_SENT","EMAIL","2025-03-07 10:00:00","SUCCESS",NULL
243,243,"INVOICE_SENT","EMAIL","2025-03-08 10:00:00","SUCCESS",NULL
244,244,"INVOICE_SENT","EMAIL","2025-03-09 10:00:00","SUCCESS",NULL
245,245,"INVOICE_SENT","EMAIL","2025-03-10 10:00:00","SUCCESS",NULL
246,246,"INVOICE_SENT","EMAIL","2025-03-11 10:00:00","SUCCESS",NULL
247,247,"INVOICE_SENT","EMAIL","2025-03-12 10:00:00","SUCCESS",NULL
248,248,"INVOICE_SENT","EMAIL","2025-03-13 10:00:00","SUCCESS",NULL
249,249,"INVOICE_SENT","EMAIL","2025-03-14 10:00:00","SUCCESS",NULL
250,250,"INVOICE_SENT","EMAIL","2025-03-15 10:00:00","SUCCESS",NULL
251,251,"INVOICE_SENT","EMAIL","2025-03-16 10:00:00","SUCCESS",NULL
252,252,"INVOICE_SENT","EMAIL","2025-03-17 10:00:00","SUCCESS",NULL
253,253,"INVOICE_SENT","EMAIL","2025-03-18 10:00:00","SUCCESS",NULL
254,254,"INVOICE_SENT","EMAIL","2025-03-19 10:00:00","SUCCESS",NULL
255,255,"INVOICE_SENT","EMAIL","2025-03-20 10:00:00","SUCCESS",NULL
256,256,"INVOICE_SENT","EMAIL","2025-03-21 10:00:00","SUCCESS",NULL
257,257,"INVOICE_SENT","EMAIL","2025-03-22 10:00:00","SUCCESS",NULL
258,258,"INVOICE_SENT","EMAIL","2025-03-23 10:00:00","SUCCESS",NULL
259,259,"INVOICE_SENT","EMAIL","2025-03-24 10:00:00","SUCCESS",NULL
260,260,"INVOICE_SENT","EMAIL","2025-03-25 10:00:00","SUCCESS",NULL
261,261,"INVOICE_SENT","EMAIL","2025-03-26 10:00:00","SUCCESS",NULL
262,262,"INVOICE_SENT","EMAIL","2025-03-27 10:00:00","SUCCESS",NULL
263,263,"INVOICE_SENT","EMAIL","2025-03-28 10:00:00","SUCCESS",NULL
264,264,"INVOICE_SENT","EMAIL","2025-03-29 10:00:00","SUCCESS",NULL
265,265,"INVOICE_SENT","EMAIL","2025-03-30 10:00:00","SUCCESS",NULL
266,266,"INVOICE_SENT","EMAIL","2025-03-31 10:00:00","SUCCESS",NULL
267,267,"INVOICE_SENT","EMAIL","2025-04-01 10:00:00","SUCCESS",NULL
268,268,"INVOICE_SENT","EMAIL","2025-04-02 10:00:00","SUCCESS",NULL
269,269,"INVOICE_SENT","EMAIL","2025-04-03 10:00:00","SUCCESS",NULL
270,270,"INVOICE_SENT","EMAIL","2025-04-04 10:00:00","SUCCESS",NULL
271,271,"INVOICE_SENT","EMAIL","2025-04-05 10:00:00","SUCCESS",NULL
272,272,"INVOICE_SENT","EMAIL","2025-04-06 10:00:00","SUCCESS",NULL
273,273,"INVOICE_SENT","EMAIL","2025-04-07 10:00:00","SUCCESS",NULL
274,274,"INVOICE_SENT","EMAIL","2025-04-08 10:00:00","SUCCESS",NULL
275,275,"INVOICE_SENT","EMAIL","2025-04-09 10:00:00","SUCCESS",NULL
276,276,"INVOICE_SENT","EMAIL","2025-04-10 10:00:00","SUCCESS",NULL
277,277,"INVOICE_SENT","EMAIL","2025-04-11 10:00:00","SUCCESS",NULL
278,278,"INVOICE_SENT","EMAIL","2025-04-12 10:00:00","SUCCESS",NULL
279,279,"INVOICE_SENT","EMAIL","2025-04-13 10:00:00","SUCCESS",NULL
280,280,"INVOICE_SENT","EMAIL","2025-04-14 10:00:00","SUCCESS",NULL
281,281,"INVOICE_SENT","EMAIL","2025-04-15 10:00:00","SUCCESS",NULL
282,282,"INVOICE_SENT","EMAIL","2025-04-16 10:00:00","SUCCESS",NULL
283,283,"INVOICE_SENT","EMAIL","2025-04-17 10:00:00","SUCCESS",NULL
284,284,"INVOICE_SENT","EMAIL","2025-04-18 10:00:00","SUCCESS",NULL
285,285,"INVOICE_SENT","EMAIL","2025-04-19 10:00:00","SUCCESS",NULL
286,286,"INVOICE_SENT","EMAIL","2025-04-20 10:00:00","SUCCESS",NULL
287,287,"INVOICE_SENT","EMAIL","2025-04-21 10:00:00","SUCCESS",NULL
288,288,"INVOICE_SENT","EMAIL","2025-04-22 10:00:00","SUCCESS",NULL
289,289,"INVOICE_SENT","EMAIL","2025-04-23 10:00:00","SUCCESS",NULL
290,290,"INVOICE_SENT","EMAIL","2025-04-24 10:00:00","SUCCESS",NULL
291,291,"INVOICE_SENT","EMAIL","2025-04-25 10:00:00","SUCCESS",NULL
292,292,"INVOICE_SENT","EMAIL","2025-04-26 10:00:00","SUCCESS",NULL
293,293,"INVOICE_SENT","EMAIL","2025-04-27 10:00:00","SUCCESS",NULL
294,294,"INVOICE_SENT","EMAIL","2025-04-28 10:00:00","SUCCESS",NULL
295,295,"INVOICE_SENT","EMAIL","2025-04-29 10:00:00","SUCCESS",NULL
296,296,"INVOICE_SENT","EMAIL","2025-04-30 10:00:00","SUCCESS",NULL
297,297,"INVOICE_SENT","EMAIL","2025-05-01 10:00:00","SUCCESS",NULL
298,298,"INVOICE_SENT","EMAIL","2025-05-02 10:00:00","SUCCESS",NULL
299,299,"INVOICE_SENT","EMAIL","2025-05-03 10:00:00","SUCCESS",NULL
300,300,"INVOICE_SENT","EMAIL","2025-05-04 10:00:00","SUCCESS",NULL
301,301,"INVOICE_SENT","EMAIL","2025-05-05 10:00:00","SUCCESS",NULL
302,302,"INVOICE_SENT","EMAIL","2025-05-06 10:00:00","SUCCESS",NULL
303,303,"INVOICE_SENT","EMAIL","2025-05-07 10:00:00","SUCCESS",NULL
304,304,"INVOICE_SENT","EMAIL","2025-05-08 10:00:00","SUCCESS",NULL
305,305,"INVOICE_SENT","EMAIL","2025-05-09 10:00:00","SUCCESS",NULL
306,306,"INVOICE_SENT","EMAIL","2025-05-10 10:00:00","SUCCESS",NULL
307,307,"INVOICE_SENT","EMAIL","2025-05-11 10:00:00","SUCCESS",NULL
308,308,"INVOICE_SENT","EMAIL","2025-05-12 10:00:00","SUCCESS",NULL
309,309,"INVOICE_SENT","EMAIL","2025-05-13 10:00:00","SUCCESS",NULL
310,310,"INVOICE_SENT","EMAIL","2025-05-14 10:00:00","SUCCESS",NULL
311,311,"INVOICE_SENT","EMAIL","2025-05-15 10:00:00","SUCCESS",NULL
312,312,"INVOICE_SENT","EMAIL","2025-05-16 10:00:00","SUCCESS",NULL
313,313,"INVOICE_SENT","EMAIL","2025-05-17 10:00:00","SUCCESS",NULL
314,314,"INVOICE_SENT","EMAIL","2025-05-18 10:00:00","SUCCESS",NULL
315,315,"INVOICE_SENT","EMAIL","2025-05-19 10:00:00","SUCCESS",NULL
316,316,"INVOICE_SENT","EMAIL","2025-05-20 10:00:00","SUCCESS",NULL
317,317,"INVOICE_SENT","EMAIL","2025-05-21 10:00:00","SUCCESS",NULL
318,318,"INVOICE_SENT","EMAIL","2025-05-22 10:00:00","SUCCESS",NULL
319,319,"INVOICE_SENT","EMAIL","2025-05-23 10:00:00","SUCCESS",NULL
320,320,"INVOICE_SENT","EMAIL","2025-05-24 10:00:00","SUCCESS",NULL
321,321,"INVOICE_SENT","EMAIL","2024-12-16 10:00:00","SUCCESS",NULL
322,322,"INVOICE_SENT","EMAIL","2024-12-17 10:00:00","SUCCESS",NULL
323,323,"INVOICE_SENT","EMAIL","2024-12-18 10:00:00","SUCCESS",NULL
324,324,"INVOICE_SENT","EMAIL","2024-12-19 10:00:00","SUCCESS",NULL
325,325,"INVOICE_SENT","EMAIL","2024-12-20 10:00:00","SUCCESS",NULL
326,326,"INVOICE_SENT","EMAIL","2024-12-21 10:00:00","SUCCESS",NULL
327,327,"INVOICE_SENT","EMAIL","2024-12-22 10:00:00","SUCCESS",NULL
328,328,"INVOICE_SENT","EMAIL","2024-12-23 10:00:00","SUCCESS",NULL
329,329,"INVOICE_SENT","EMAIL","2024-12-24 10:00:00","SUCCESS",NULL
330,330,"INVOICE_SENT","EMAIL","2024-12-25 10:00:00","SUCCESS",NULL
331,331,"INVOICE_SENT","EMAIL","2024-12-26 10:00:00","SUCCESS",NULL
332,332,"INVOICE_SENT","EMAIL","2024-12-27 10:00:00","SUCCESS",NULL
333,333,"INVOICE_SENT","EMAIL","2024-12-28 10:00:00","SUCCESS",NULL
334,334,"INVOICE_SENT","EMAIL","2024-12-29 10:00:00","SUCCESS",NULL
335,335,"INVOICE_SENT","EMAIL","2024-12-30 10:00:00","SUCCESS",NULL
336,336,"INVOICE_SENT","EMAIL","2024-12-31 10:00:00","SUCCESS",NULL
337,337,"INVOICE_SENT","EMAIL","2025-01-01 10:00:00","SUCCESS",NULL
338,338,"INVOICE_SENT","EMAIL","2025-01-02 10:00:00","SUCCESS",NULL
339,339,"INVOICE_SENT","EMAIL","2025-01-03 10:00:00","SUCCESS",NULL
340,340,"INVOICE_SENT","EMAIL","2025-01-04 10:00:00","SUCCESS",NULL
341,341,"INVOICE_SENT","EMAIL","2025-01-05 10:00:00","SUCCESS",NULL
342,342,"INVOICE_SENT","EMAIL","2025-01-06 10:00:00","SUCCESS",NULL
343,343,"INVOICE_SENT","EMAIL","2025-01-07 10:00:00","SUCCESS",NULL
344,344,"INVOICE_SENT","EMAIL","2025-01-08 10:00:00","SUCCESS",NULL
345,345,"INVOICE_SENT","EMAIL","2025-01-09 10:00:00","SUCCESS",NULL
346,346,"INVOICE_SENT","EMAIL","2025-01-10 10:00:00","SUCCESS",NULL
347,347,"INVOICE_SENT","EMAIL","2025-01-11 10:00:00","SUCCESS",NULL
348,348,"INVOICE_SENT","EMAIL","2025-01-12 10:00:00","SUCCESS",NULL
349,349,"INVOICE_SENT","EMAIL","2025-01-13 10:00:00","SUCCESS",NULL
350,350,"INVOICE_SENT","EMAIL","2025-01-14 10:00:00","SUCCESS",NULL
351,351,"INVOICE_SENT","EMAIL","2025-01-15 10:00:00","SUCCESS",NULL
352,352,"INVOICE_SENT","EMAIL","2025-01-16 10:00:00","SUCCESS",NULL
353,353,"INVOICE_SENT","EMAIL","2025-01-17 10:00:00","SUCCESS",NULL
354,354,"INVOICE_SENT","EMAIL","2025-01-18 10:00:00","SUCCESS",NULL
355,355,"INVOICE_SENT","EMAIL","2025-01-19 10:00:00","SUCCESS",NULL
356,356,"INVOICE_SENT","EMAIL","2025-01-20 10:00:00","SUCCESS",NULL
357,357,"INVOICE_SENT","EMAIL","2025-01-21 10:00:00","SUCCESS",NULL
358,358,"INVOICE_SENT","EMAIL","2025-01-22 10:00:00","SUCCESS",NULL
359,359,"INVOICE_SENT","EMAIL","2025-01-23 10:00:00","SUCCESS",NULL
360,360,"INVOICE_SENT","EMAIL","2025-01-24 10:00:00","SUCCESS",NULL
361,361,"INVOICE_SENT","EMAIL","2025-01-25 10:00:00","SUCCESS",NULL
362,362,"INVOICE_SENT","EMAIL","2025-01-26 10:00:00","SUCCESS",NULL
363,363,"INVOICE_SENT","EMAIL","2025-01-27 10:00:00","SUCCESS",NULL
364,364,"INVOICE_SENT","EMAIL","2025-01-28 10:00:00","SUCCESS",NULL
365,365,"INVOICE_SENT","EMAIL","2025-01-29 10:00:00","SUCCESS",NULL
366,366,"INVOICE_SENT","EMAIL","2025-01-30 10:00:00","SUCCESS",NULL
367,367,"INVOICE_SENT","EMAIL","2025-01-31 10:00:00","SUCCESS",NULL
368,368,"INVOICE_SENT","EMAIL","2025-02-01 10:00:00","SUCCESS",NULL
369,369,"INVOICE_SENT","EMAIL","2025-02-02 10:00:00","SUCCESS",NULL
370,370,"INVOICE_SENT","EMAIL","2025-02-03 10:00:00","SUCCESS",NULL
371,371,"INVOICE_SENT","EMAIL","2025-02-04 10:00:00","SUCCESS",NULL
372,372,"INVOICE_SENT","EMAIL","2025-02-05 10:00:00","SUCCESS",NULL
373,373,"INVOICE_SENT","EMAIL","2025-02-06 10:00:00","SUCCESS",NULL
374,374,"INVOICE_SENT","EMAIL","2025-02-07 10:00:00","SUCCESS",NULL
375,375,"INVOICE_SENT","EMAIL","2025-02-08 10:00:00","SUCCESS",NULL
376,376,"INVOICE_SENT","EMAIL","2025-02-09 10:00:00","SUCCESS",NULL
377,377,"INVOICE_SENT","EMAIL","2025-02-10 10:00:00","SUCCESS",NULL
378,378,"INVOICE_SENT","EMAIL","2025-02-11 10:00:00","SUCCESS",NULL
379,379,"INVOICE_SENT","EMAIL","2025-02-12 10:00:00","SUCCESS",NULL
380,380,"INVOICE_SENT","EMAIL","2025-02-13 10:00:00","SUCCESS",NULL
381,381,"INVOICE_SENT","EMAIL","2025-02-14 10:00:00","SUCCESS",NULL
382,382,"INVOICE_SENT","EMAIL","2025-02-15 10:00:00","SUCCESS",NULL
383,383,"INVOICE_SENT","EMAIL","2025-02-16 10:00:00","SUCCESS",NULL
384,384,"INVOICE_SENT","EMAIL","2025-02-17 10:00:00","SUCCESS",NULL
385,385,"INVOICE_SENT","EMAIL","2025-02-18 10:00:00","SUCCESS",NULL
386,386,"INVOICE_SENT","EMAIL","2025-02-19 10:00:00","SUCCESS",NULL
387,387,"INVOICE_SENT","EMAIL","2025-02-20 10:00:00","SUCCESS",NULL
388,388,"INVOICE_SENT","EMAIL","2025-02-21 10:00:00","SUCCESS",NULL
389,389,"INVOICE_SENT","EMAIL","2025-02-22 10:00:00","SUCCESS",NULL
390,390,"INVOICE_SENT","EMAIL","2025-02-23 10:00:00","SUCCESS",NULL
391,391,"INVOICE_SENT","EMAIL","2025-02-24 10:00:00","SUCCESS",NULL
392,392,"INVOICE_SENT","EMAIL","2025-02-25 10:00:00","SUCCESS",NULL
393,393,"INVOICE_SENT","EMAIL","2025-02-26 10:00:00","SUCCESS",NULL
394,394,"INVOICE_SENT","EMAIL","2025-02-27 10:00:00","SUCCESS",NULL
395,395,"INVOICE_SENT","EMAIL","2025-02-28 10:00:00","SUCCESS",NULL
396,396,"INVOICE_SENT","EMAIL","2025-03-01 10:00:00","SUCCESS",NULL
397,397,"INVOICE_SENT","EMAIL","2025-03-02 10:00:00","SUCCESS",NULL
398,398,"INVOICE_SENT","EMAIL","2025-03-03 10:00:00","SUCCESS",NULL
399,399,"INVOICE_SENT","EMAIL","2025-03-04 10:00:00","SUCCESS",NULL
400,400,"INVOICE_SENT","EMAIL","2025-03-05 10:00:00","SUCCESS",NULL
401,401,"INVOICE_SENT","EMAIL","2025-03-06 10:00:00","SUCCESS",NULL
402,402,"INVOICE_SENT","EMAIL","2025-03-07 10:00:00","SUCCESS",NULL
403,403,"INVOICE_SENT","EMAIL","2025-03-08 10:00:00","SUCCESS",NULL
404,404,"INVOICE_SENT","EMAIL","2025-03-09 10:00:00","SUCCESS",NULL
405,405,"INVOICE_SENT","EMAIL","2025-03-10 10:00:00","SUCCESS",NULL
406,406,"INVOICE_SENT","EMAIL","2025-03-11 10:00:00","SUCCESS",NULL
407,407,"INVOICE_SENT","EMAIL","2025-03-12 10:00:00","SUCCESS",NULL
408,408,"INVOICE_SENT","EMAIL","2025-03-13 10:00:00","SUCCESS",NULL
409,409,"INVOICE_SENT","EMAIL","2025-03-14 10:00:00","SUCCESS",NULL
410,410,"INVOICE_SENT","EMAIL","2025-03-15 10:00:00","SUCCESS",NULL
411,411,"INVOICE_SENT","EMAIL","2025-03-16 10:00:00","SUCCESS",NULL
412,412,"INVOICE_SENT","EMAIL","2025-03-17 10:00:00","SUCCESS",NULL
413,413,"INVOICE_SENT","EMAIL","2025-03-18 10:00:00","SUCCESS",NULL
414,414,"INVOICE_SENT","EMAIL","2025-03-19 10:00:00","SUCCESS",NULL
415,415,"INVOICE_SENT","EMAIL","2025-03-20 10:00:00","SUCCESS",NULL
416,416,"INVOICE_SENT","EMAIL","2025-03-21 10:00:00","SUCCESS",NULL
417,417,"INVOICE_SENT","EMAIL","2025-03-22 10:00:00","SUCCESS",NULL
418,418,"INVOICE_SENT","EMAIL","2025-03-23 10:00:00","SUCCESS",NULL
419,419,"INVOICE_SENT","EMAIL","2025-03-24 10:00:00","SUCCESS",NULL
420,420,"INVOICE_SENT","EMAIL","2025-03-25 10:00:00","SUCCESS",NULL
421,421,"INVOICE_SENT","EMAIL","2025-03-26 10:00:00","SUCCESS",NULL
422,422,"INVOICE_SENT","EMAIL","2025-03-27 10:00:00","SUCCESS",NULL
423,423,"INVOICE_SENT","EMAIL","2025-03-28 10:00:00","SUCCESS",NULL
424,424,"INVOICE_SENT","EMAIL","2025-03-29 10:00:00","SUCCESS",NULL
425,425,"INVOICE_SENT","EMAIL","2025-03-30 10:00:00","SUCCESS",NULL
426,426,"INVOICE_SENT","EMAIL","2025-03-31 10:00:00","SUCCESS",NULL
427,427,"INVOICE_SENT","EMAIL","2025-04-01 10:00:00","SUCCESS",NULL
428,428,"INVOICE_SENT","EMAIL","2025-04-02 10:00:00","SUCCESS",NULL
429,429,"INVOICE_SENT","EMAIL","2025-04-03 10:00:00","SUCCESS",NULL
430,430,"INVOICE_SENT","EMAIL","2025-04-04 10:00:00","SUCCESS",NULL
431,431,"INVOICE_SENT","EMAIL","2025-04-05 10:00:00","SUCCESS",NULL
432,432,"INVOICE_SENT","EMAIL","2025-04-06 10:00:00","SUCCESS",NULL
433,433,"INVOICE_SENT","EMAIL","2025-04-07 10:00:00","SUCCESS",NULL
434,434,"INVOICE_SENT","EMAIL","2025-04-08 10:00:00","SUCCESS",NULL
435,435,"INVOICE_SENT","EMAIL","2025-04-09 10:00:00","SUCCESS",NULL
436,436,"INVOICE_SENT","EMAIL","2025-04-10 10:00:00","SUCCESS",NULL
437,437,"INVOICE_SENT","EMAIL","2025-04-11 10:00:00","SUCCESS",NULL
438,438,"INVOICE_SENT","EMAIL","2025-04-12 10:00:00","SUCCESS",NULL
439,439,"INVOICE_SENT","EMAIL","2025-04-13 10:00:00","SUCCESS",NULL
440,440,"INVOICE_SENT","EMAIL","2025-04-14 10:00:00","SUCCESS",NULL
441,441,"INVOICE_SENT","EMAIL","2025-04-15 10:00:00","SUCCESS",NULL
442,442,"INVOICE_SENT","EMAIL","2025-04-16 10:00:00","SUCCESS",NULL
443,443,"INVOICE_SENT","EMAIL","2025-04-17 10:00:00","SUCCESS",NULL
444,444,"INVOICE_SENT","EMAIL","2025-04-18 10:00:00","SUCCESS",NULL
445,445,"INVOICE_SENT","EMAIL","2025-04-19 10:00:00","SUCCESS",NULL
446,446,"INVOICE_SENT","EMAIL","2025-04-20 10:00:00","SUCCESS",NULL
447,447,"INVOICE_SENT","EMAIL","2025-04-21 10:00:00","SUCCESS",NULL
448,448,"INVOICE_SENT","EMAIL","2025-04-22 10:00:00","SUCCESS",NULL
449,449,"INVOICE_SENT","EMAIL","2025-04-23 10:00:00","SUCCESS",NULL
450,450,"INVOICE_SENT","EMAIL","2025-04-24 10:00:00","SUCCESS",NULL
451,451,"INVOICE_SENT","EMAIL","2025-04-25 10:00:00","SUCCESS",NULL
452,452,"INVOICE_SENT","EMAIL","2025-04-26 10:00:00","SUCCESS",NULL
453,453,"INVOICE_SENT","EMAIL","2025-04-27 10:00:00","SUCCESS",NULL
454,454,"INVOICE_SENT","EMAIL","2025-04-28 10:00:00","SUCCESS",NULL
455,455,"INVOICE_SENT","EMAIL","2025-04-29 10:00:00","SUCCESS",NULL
456,456,"INVOICE_SENT","EMAIL","2025-04-30 10:00:00","SUCCESS",NULL
457,457,"INVOICE_SENT","EMAIL","2025-05-01 10:00:00","SUCCESS",NULL
458,458,"INVOICE_SENT","EMAIL","2025-05-02 10:00:00","SUCCESS",NULL
459,459,"INVOICE_SENT","EMAIL","2025-05-03 10:00:00","SUCCESS",NULL
460,460,"INVOICE_SENT","EMAIL","2025-05-04 10:00:00","SUCCESS",NULL
461,461,"INVOICE_SENT","EMAIL","2025-05-05 10:00:00","SUCCESS",NULL
462,462,"INVOICE_SENT","EMAIL","2025-05-06 10:00:00","SUCCESS",NULL
463,463,"INVOICE_SENT","EMAIL","2025-05-07 10:00:00","SUCCESS",NULL
464,464,"INVOICE_SENT","EMAIL","2025-05-08 10:00:00","SUCCESS",NULL
465,465,"INVOICE_SENT","EMAIL","2025-05-09 10:00:00","SUCCESS",NULL
466,466,"INVOICE_SENT","EMAIL","2025-05-10 10:00:00","SUCCESS",NULL
467,467,"INVOICE_SENT","EMAIL","2025-05-11 10:00:00","SUCCESS",NULL
468,468,"INVOICE_SENT","EMAIL","2025-05-12 10:00:00","SUCCESS",NULL
469,469,"INVOICE_SENT","EMAIL","2025-05-13 10:00:00","SUCCESS",NULL
470,470,"INVOICE_SENT","EMAIL","2025-05-14 10:00:00","SUCCESS",NULL
471,471,"INVOICE_SENT","EMAIL","2025-05-15 10:00:00","SUCCESS",NULL
472,472,"INVOICE_SENT","EMAIL","2025-05-16 10:00:00","SUCCESS",NULL
473,473,"INVOICE_SENT","EMAIL","2025-05-17 10:00:00","SUCCESS",NULL
474,474,"INVOICE_SENT","EMAIL","2025-05-18 10:00:00","SUCCESS",NULL
475,475,"INVOICE_SENT","EMAIL","2025-05-19 10:00:00","SUCCESS",NULL
476,476,"INVOICE_SENT","EMAIL","2025-05-20 10:00:00","SUCCESS",NULL
477,477,"INVOICE_SENT","EMAIL","2025-05-21 10:00:00","SUCCESS",NULL
478,478,"INVOICE_SENT","EMAIL","2025-05-22 10:00:00","SUCCESS",NULL
479,479,"INVOICE_SENT","EMAIL","2025-05-23 10:00:00","SUCCESS",NULL
480,480,"INVOICE_SENT","EMAIL","2025-05-24 10:00:00","SUCCESS",NULL
481,285,"OVERDUE_REMINDER","EMAIL","2025-02-08 00:00:00","SUCCESS",NULL
482,120,"OVERDUE_REMINDER","EMAIL","2025-01-08 00:00:00","SUCCESS",NULL
483,455,"OVERDUE_REMINDER","EMAIL","2025-03-08 00:00:00","SUCCESS",NULL
484,270,"OVERDUE_REMINDER","EMAIL","2025-02-08 00:00:00","SUCCESS",NULL
485,310,"OVERDUE_REMINDER","EMAIL","2025-02-08 00:00:00","SUCCESS",NULL
486,20,"OVERDUE_REMINDER","EMAIL","2025-01-08 00:00:00","SUCCESS",NULL
487,330,"OVERDUE_REMINDER","EMAIL","2025-03-08 00:00:00","SUCCESS",NULL
488,25,"OVERDUE_REMINDER","EMAIL","2025-01-08 00:00:00","SUCCESS",NULL
489,265,"OVERDUE_REMINDER","EMAIL","2025-02-08 00:00:00","SUCCESS",NULL
490,405,"OVERDUE_REMINDER","EMAIL","2025-03-08 00:00:00","SUCCESS",NULL
491,230,"OVERDUE_REMINDER","EMAIL","2025-02-08 00:00:00","SUCCESS",NULL
492,335,"OVERDUE_REMINDER","EMAIL","2025-03-08 00:00:00","SUCCESS",NULL
493,295,"OVERDUE_REMINDER","EMAIL","2025-02-08 00:00:00","SUCCESS",NULL
494,135,"OVERDUE_REMINDER","EMAIL","2025-01-08 00:00:00","SUCCESS",NULL
495,255,"OVERDUE_REMINDER","EMAIL","2025-02-08 00:00:00","SUCCESS",NULL
496,465,"OVERDUE_REMINDER","EMAIL","2025-03-08 00:00:00","SUCCESS",NULL
497,325,"OVERDUE_REMINDER","EMAIL","2025-03-08 00:00:00","SUCCESS",NULL
498,160,"OVERDUE_REMINDER","EMAIL","2025-01-08 00:00:00","SUCCESS",NULL
499,10,"OVERDUE_REMINDER","EMAIL","2025-01-08 00:00:00","SUCCESS",NULL
500,250,"OVERDUE_REMINDER","EMAIL","2025-02-08 00:00:00","SUCCESS",NULL
501,145,"OVERDUE_REMINDER","EMAIL","2025-01-08 00:00:00","SUCCESS",NULL
502,315,"OVERDUE_REMINDER","EMAIL","2025-02-08 00:00:00","SUCCESS",NULL
503,480,"OVERDUE_REMINDER","EMAIL","2025-03-08 00:00:00","SUCCESS",NULL
504,280,"OVERDUE_REMINDER","EMAIL","2025-02-08 00:00:00","SUCCESS",NULL
505,400,"OVERDUE_REMINDER","EMAIL","2025-03-08 00:00:00","SUCCESS",NULL
506,320,"OVERDUE_REMINDER","EMAIL","2025-02-08 00:00:00","SUCCESS",NULL
507,15,"OVERDUE_REMINDER","EMAIL","2025-01-08 00:00:00","SUCCESS",NULL
508,125,"OVERDUE_REMINDER","EMAIL","2025-01-08 00:00:00","SUCCESS",NULL
509,140,"OVERDUE_REMINDER","EMAIL","2025-01-08 00:00:00","SUCCESS",NULL
510,40,"OVERDUE_REMINDER","EMAIL","2025-01-08 00:00:00","SUCCESS",NULL
511,355,"OVERDUE_REMINDER","EMAIL","2025-03-08 00:00:00","SUCCESS",NULL
512,365,"OVERDUE_REMINDER","EMAIL","2025-03-08 00:00:00","SUCCESS",NULL
513,165,"OVERDUE_REMINDER","EMAIL","2025-02-08 00:00:00","SUCCESS",NULL
514,475,"OVERDUE_REMINDER","EMAIL","2025-03-08 00:00:00","SUCCESS",NULL
515,5,"OVERDUE_REMINDER","EMAIL","2025-01-08 00:00:00","SUCCESS",NULL
516,340,"OVERDUE_REMINDER","EMAIL","2025-03-08 00:00:00","SUCCESS",NULL
517,435,"OVERDUE_REMINDER","EMAIL","2025-03-08 00:00:00","SUCCESS",NULL
518,215,"OVERDUE_REMINDER","EMAIL","2025-02-08 00:00:00","SUCCESS",NULL
519,65,"OVERDUE_REMINDER","EMAIL","2025-01-08 00:00:00","SUCCESS",NULL
520,440,"OVERDUE_REMINDER","EMAIL","2025-03-08 00:00:00","SUCCESS",NULL
521,85,"OVERDUE_REMINDER","EMAIL","2025-01-08 00:00:00","SUCCESS",NULL
522,100,"OVERDUE_REMINDER","EMAIL","2025-01-08 00:00:00","SUCCESS",NULL
523,170,"OVERDUE_REMINDER","EMAIL","2025-02-08 00:00:00","SUCCESS",NULL
524,55,"OVERDUE_REMINDER","EMAIL","2025-01-08 00:00:00","SUCCESS",NULL
525,300,"OVERDUE_REMINDER","EMAIL","2025-02-08 00:00:00","SUCCESS",NULL
526,195,"OVERDUE_REMINDER","EMAIL","2025-02-08 00:00:00","SUCCESS",NULL
527,305,"OVERDUE_REMINDER","EMAIL","2025-02-08 00:00:00","SUCCESS",NULL
528,80,"OVERDUE_REMINDER","EMAIL","2025-01-08 00:00:00","SUCCESS",NULL
529,470,"OVERDUE_REMINDER","EMAIL","2025-03-08 00:00:00","SUCCESS",NULL
530,110,"OVERDUE_REMINDER","EMAIL","2025-01-08 00:00:00","SUCCESS",NULL
531,370,"OVERDUE_REMINDER","EMAIL","2025-03-08 00:00:00","SUCCESS",NULL
532,175,"OVERDUE_REMINDER","EMAIL","2025-02-08 00:00:00","SUCCESS",NULL
533,30,"OVERDUE_REMINDER","EMAIL","2025-01-08 00:00:00","SUCCESS",NULL
534,95,"OVERDUE_REMINDER","EMAIL","2025-01-08 00:00:00","SUCCESS",NULL
535,180,"OVERDUE_REMINDER","EMAIL","2025-02-08 00:00:00","SUCCESS",NULL
536,390,"OVERDUE_REMINDER","EMAIL","2025-03-08 00:00:00","SUCCESS",NULL
537,185,"OVERDUE_REMINDER","EMAIL","2025-02-08 00:00:00","SUCCESS",NULL
538,155,"OVERDUE_REMINDER","EMAIL","2025-01-08 00:00:00","SUCCESS",NULL
539,205,"OVERDUE_REMINDER","EMAIL","2025-02-08 00:00:00","SUCCESS",NULL
540,430,"OVERDUE_REMINDER","EMAIL","2025-03-08 00:00:00","SUCCESS",NULL
541,395,"OVERDUE_REMINDER","EMAIL","2025-03-08 00:00:00","SUCCESS",NULL
542,50,"OVERDUE_REMINDER","EMAIL","2025-01-08 00:00:00","SUCCESS",NULL
543,460,"OVERDUE_REMINDER","EMAIL","2025-03-08 00:00:00","SUCCESS",NULL
544,385,"OVERDUE_REMINDER","EMAIL","2025-03-08 00:00:00","SUCCESS",NULL
545,450,"OVERDUE_REMINDER","EMAIL","2025-03-08 00:00:00","SUCCESS",NULL
546,90,"OVERDUE_REMINDER","EMAIL","2025-01-08 00:00:00","SUCCESS",NULL
547,350,"OVERDUE_REMINDER","EMAIL","2025-03-08 00:00:00","SUCCESS",NULL
548,235,"OVERDUE_REMINDER","EMAIL","2025-02-08 00:00:00","SUCCESS",NULL
549,380,"OVERDUE_REMINDER","EMAIL","2025-03-08 00:00:00","SUCCESS",NULL
550,410,"OVERDUE_REMINDER","EMAIL","2025-03-08 00:00:00","SUCCESS",NULL
551,190,"OVERDUE_REMINDER","EMAIL","2025-02-08 00:00:00","SUCCESS",NULL
552,115,"OVERDUE_REMINDER","EMAIL","2025-01-08 00:00:00","SUCCESS",NULL
553,200,"OVERDUE_REMINDER","EMAIL","2025-02-08 00:00:00","SUCCESS",NULL
554,275,"OVERDUE_REMINDER","EMAIL","2025-02-08 00:00:00","SUCCESS",NULL
555,290,"OVERDUE_REMINDER","EMAIL","2025-02-08 00:00:00","SUCCESS",NULL
556,360,"OVERDUE_REMINDER","EMAIL","2025-03-08 00:00:00","SUCCESS",NULL
557,70,"OVERDUE_REMINDER","EMAIL","2025-01-08 00:00:00","SUCCESS",NULL
558,45,"OVERDUE_REMINDER","EMAIL","2025-01-08 00:00:00","SUCCESS",NULL
559,225,"OVERDUE_REMINDER","EMAIL","2025-02-08 00:00:00","SUCCESS",NULL
560,60,"OVERDUE_REMINDER","EMAIL","2025-01-08 00:00:00","SUCCESS",NULL
561,105,"OVERDUE_REMINDER","EMAIL","2025-01-08 00:00:00","SUCCESS",NULL
562,75,"OVERDUE_REMINDER","EMAIL","2025-01-08 00:00:00","SUCCESS",NULL
563,245,"OVERDUE_REMINDER","EMAIL","2025-02-08 00:00:00","SUCCESS",NULL
564,425,"OVERDUE_REMINDER","EMAIL","2025-03-08 00:00:00","SUCCESS",NULL
565,415,"OVERDUE_REMINDER","EMAIL","2025-03-08 00:00:00","SUCCESS",NULL
566,220,"OVERDUE_REMINDER","EMAIL","2025-02-08 00:00:00","SUCCESS",NULL
567,210,"OVERDUE_REMINDER","EMAIL","2025-02-08 00:00:00","SUCCESS",NULL
568,35,"OVERDUE_REMINDER","EMAIL","2025-01-08 00:00:00","SUCCESS",NULL
569,375,"OVERDUE_REMINDER","EMAIL","2025-03-08 00:00:00","SUCCESS",NULL
570,345,"OVERDUE_REMINDER","EMAIL","2025-03-08 00:00:00","SUCCESS",NULL
571,150,"OVERDUE_REMINDER","EMAIL","2025-01-08 00:00:00","SUCCESS",NULL
572,420,"OVERDUE_REMINDER","EMAIL","2025-03-08 00:00:00","SUCCESS",NULL
573,445,"OVERDUE_REMINDER","EMAIL","2025-03-08 00:00:00","SUCCESS",NULL
574,260,"OVERDUE_REMINDER","EMAIL","2025-02-08 00:00:00","SUCCESS",NULL
575,130,"OVERDUE_REMINDER","EMAIL","2025-01-08 00:00:00","SUCCESS",NULL
576,240,"OVERDUE_REMINDER","EMAIL","2025-02-08 00:00:00","SUCCESS",NULL
