"landlord_id","first_name","last_name","business_name","email","phone","interac_contact"
1,"Landlord_01","Owner_01","L01 Rentals","landlord01@example.com","7059000001","interac.landlord01@example.com"
2,"Landlord_02","Owner_02","L02 Rentals","landlord02@example.com","7059000002","interac.landlord02@example.com"
3,"Landlord_03","Owner_03","L03 Rentals","landlord03@example.com","7059000003","interac.landlord03@example.com"
4,"Landlord_04","Owner_04","L04 Rentals","landlord04@example.com","7059000004","interac.landlord04@example.com"
5,"Landlord_05","Owner_05","L05 Rentals","landlord05@example.com","7059000005","interac.landlord05@example.com"
6,"Landlord_06","Owner_06","L06 Rentals","landlord06@example.com","7059000006","interac.landlord06@example.com"
7,"Landlord_07","Owner_07","L07 Rentals","landlord07@example.com","7059000007","interac.landlord07@example.com"
8,"Landlord_08","Owner_08","L08 Rentals","landlord08@example.com","7059000008","interac.landlord08@example.com"
9,"Landlord_09","Owner_09","L09 Rentals","landlord09@example.com","7059000009","interac.landlord09@example.com"
10,"Landlord_10","Owner_10","L10 Rentals","landlord10@example.com","7059000010","interac.landlord10@example.com"
11,"Landlord_11","Owner_11","L11 Rentals","landlord11@example.com","7059000011","interac.landlord11@example.com"
12,"Landlord_12","Owner_12","L12 Rentals","landlord12@example.com","7059000012","interac.landlord12@example.com"
13,"Landlord_13","Owner_13","L13 Rentals","landlord13@example.com","7059000013","interac.landlord13@example.com"
14,"Landlord_14","Owner_14","L14 Rentals","landlord14@example.com","7059000014","interac.landlord14@example.com"
15,"Landlord_15","Owner_15","L15 Rentals","landlord15@example.com","7059000015","interac.landlord15@example.com"
16,"Landlord_16","Owner_16","L16 Rentals","landlord16@example.com","7059000016","interac.landlord16@example.com"
17,"Landlord_17","Owner_17","L17 Rentals","landlord17@example.com","7059000017","interac.landlord17@example.com"
18,"Landlord_18","Owner_18","L18 Rentals","landlord18@example.com","7059000018","interac.landlord18@example.com"
19,"Landlord_19","Owner_19","L19 Rentals","landlord19@example.com","7059000019","interac.landlord19@example.com"
20,"Landlord_20","Owner_20","L20 Rentals","landlord20@example.com","7059000020","interac.landlord20@example.com"
